date,vo2max,source
2019-10-21,41.76,Apple Watch de FERNANDO A
2020-01-11,41.76,Apple Watch de FERNANDO A
2020-01-11,41.76,Apple Watch de FERNANDO A
2020-02-06,41.76,Apple Watch de FERNANDO A
2020-02-19,43.37,Apple Watch de FERNANDO A
2020-02-27,43.37,Apple Watch de FERNANDO A
2020-04-24,43.37,Apple Watch de FERNANDO A
2020-05-03,43.37,Apple Watch de FERNANDO A
2020-06-04,44.23,Apple Watch de FERNANDO A
2020-06-05,44.23,Apple Watch de FERNANDO A
2020-06-06,44.23,Apple Watch de FERNANDO A
2020-06-08,44.23,Apple Watch de FERNANDO A
2020-06-09,44.23,Apple Watch de FERNANDO A
2020-06-10,44.23,Apple Watch de FERNANDO A
2020-06-11,44.23,Apple Watch de FERNANDO A
2020-06-12,44.23,Apple Watch de FERNANDO A
2020-06-15,44.23,Apple Watch de FERNANDO A
2020-06-17,44.23,Apple Watch de FERNANDO A
2020-06-18,44.23,Apple Watch de FERNANDO A
2020-06-24,41.2,Apple Watch de FERNANDO A
2020-06-25,41.85,Apple Watch de FERNANDO A
2020-06-30,41.53,Apple Watch de FERNANDO A
2020-07-02,41.53,Apple Watch de FERNANDO A
2020-07-09,41.01,Apple Watch de FERNANDO A
2020-07-13,41.25,Apple Watch de FERNANDO A
2020-07-16,41.25,Apple Watch de FERNANDO A
2020-07-20,41.25,Apple Watch de FERNANDO A
2020-07-23,41.25,Apple Watch de FERNANDO A
2020-07-30,41.25,Apple Watch de FERNANDO A
2020-08-27,41.25,Apple Watch de FERNANDO A
2020-09-10,41.25,Apple Watch de FERNANDO A
2020-09-14,41.05,Apple Watch de FERNANDO A
2020-09-17,40.67,Apple Watch de FERNANDO A
2020-09-22,40.09,Apple Watch de FERNANDO A
2020-09-28,41.05,Apple Watch de FERNANDO A
2020-09-30,41.05,Apple Watch de FERNANDO A
2020-10-01,40.48,Apple Watch de FERNANDO A
2020-10-06,40.62,Apple Watch de FERNANDO A
2020-11-04,40.7,Apple Watch de FERNANDO A
2020-12-14,39.01,Apple Watch de FERNANDO A
2021-01-23,38.74,Apple Watch de FERNANDO A
2021-01-27,38.74,Apple Watch de FERNANDO A
2021-01-27,39.07,Apple Watch de FERNANDO A
2021-02-03,39.07,Apple Watch de FERNANDO A
2021-02-06,39.07,Apple Watch de FERNANDO A
2021-02-06,39.01,Apple Watch de FERNANDO A
2021-02-08,39.01,Apple Watch de FERNANDO A
2021-02-21,39.01,Apple Watch de FERNANDO A
2021-02-25,39.2,Apple Watch de FERNANDO A
2021-03-04,39.2,Apple Watch de FERNANDO A
2021-03-05,39.46,Apple Watch de FERNANDO A
2021-03-08,39.7,Apple Watch de FERNANDO A
2021-03-09,39.75,Apple Watch de FERNANDO A
2021-03-17,39.75,Apple Watch de FERNANDO A
2021-03-22,40.2,Apple Watch de FERNANDO A
2021-03-30,40.37,Apple Watch de FERNANDO A
2021-04-08,40.59,Apple Watch de FERNANDO A
2021-04-19,40.59,Apple Watch de FERNANDO A
2021-05-03,40.39,Apple Watch de FERNANDO A
2021-05-13,40.39,Apple Watch de FERNANDO A
2021-05-29,40.72,Apple Watch de FERNANDO A
2021-05-31,40.72,Apple Watch de FERNANDO A
2021-06-08,40.72,Apple Watch de FERNANDO A
2021-06-14,43.38,Apple Watch de FERNANDO A
2021-06-23,43.71,Apple Watch de FERNANDO A
2021-07-07,43.71,Apple Watch de FERNANDO A
2021-07-07,43.71,Apple Watch de FERNANDO A
2021-07-29,44.21,Apple Watch de FERNANDO A
2021-08-10,45.16,Apple Watch de FERNANDO A
2021-09-01,45.16,Apple Watch de FERNANDO A
2021-09-01,45.16,Apple Watch de FERNANDO A
2021-09-06,45.16,Apple Watch de FERNANDO A
2021-09-11,45.04,Apple Watch de FERNANDO A
2021-09-13,45.04,Apple Watch de FERNANDO A
2021-09-22,42.93,Apple Watch de FERNANDO A
2021-09-22,42.93,Apple Watch de FERNANDO A
2021-09-30,43.44,Apple Watch de FERNANDO A
2021-10-06,42.95,Apple Watch de FERNANDO A
2021-10-16,34.96,Apple Watch de FERNANDO
2021-10-21,35.14,Apple Watch de FERNANDO
2021-11-03,37.55,Apple Watch de FERNANDO
2021-11-03,39.34,Apple Watch de FERNANDO
2021-11-10,40.47,Apple Watch de FERNANDO
2021-11-11,41.23,Apple Watch de FERNANDO
2021-12-01,40.45,Apple Watch de FERNANDO
2021-12-15,40.17,Apple Watch de FERNANDO
2021-12-19,40.38,Apple Watch de FERNANDO
2021-12-21,42.16,Apple Watch de FERNANDO
2022-02-09,39.69,Apple Watch de FERNANDO
2022-02-12,41.94,Apple Watch de FERNANDO
2022-02-15,40.96,Apple Watch de FERNANDO
2022-02-16,41.42,Apple Watch de FERNANDO
2022-02-20,42.51,Apple Watch de FERNANDO
2022-02-23,41.9,Apple Watch de FERNANDO
2022-03-01,41.63,Apple Watch de FERNANDO
2022-03-07,41.5,Apple Watch de FERNANDO
2022-03-11,41.57,Apple Watch de FERNANDO
2022-03-24,41.59,Apple Watch de FERNANDO
2022-03-28,41.74,Apple Watch de FERNANDO
2022-03-28,40.94,Apple Watch de FERNANDO
2022-03-31,40.38,Apple Watch de FERNANDO
2022-04-24,40.42,Apple Watch de FERNANDO
2022-04-27,40.03,Apple Watch de FERNANDO
2022-05-11,39.87,Apple Watch de FERNANDO
2022-05-30,39.92,Apple Watch de FERNANDO
2022-06-15,40.09,Apple Watch de FERNANDO
2022-06-23,41.14,Apple Watch de FERNANDO
2022-06-29,42.21,Apple Watch de FERNANDO
2022-06-29,42.78,Apple Watch de FERNANDO
2022-07-05,42.6,Apple Watch de FERNANDO
2022-07-19,42.92,Apple Watch de FERNANDO
2022-08-09,43.01,Apple Watch de FERNANDO
2022-08-09,43.35,Apple Watch de FERNANDO
2022-08-16,44.94,Apple Watch de FERNANDO
2022-08-17,45.05,Apple Watch de FERNANDO
2022-08-21,45.09,Apple Watch de FERNANDO
2022-08-21,45.85,Apple Watch de FERNANDO
2022-08-30,44.45,Apple Watch de FERNANDO
2022-09-07,43.58,Apple Watch de FERNANDO
2022-09-16,42.5,Apple Watch de FERNANDO
2022-10-02,41.6,Apple Watch de FERNANDO
2022-10-10,41.19,Apple Watch de FERNANDO
2022-10-17,42.19,Apple Watch de FERNANDO
2022-10-19,42.17,Apple Watch de FERNANDO
2022-10-31,42.38,Apple Watch de FERNANDO
2022-11-04,42.04,Apple Watch de FERNANDO
2022-11-04,41.94,Apple Watch de FERNANDO
2022-11-19,43.65,Apple Watch de FERNANDO
2022-11-25,44.45,Apple Watch de FERNANDO
2022-12-17,44.95,Apple Watch de FERNANDO
2023-01-02,44.82,Apple Watch de FERNANDO
2023-01-26,44.37,Apple Watch de FERNANDO
2023-01-28,44.53,Apple Watch de FERNANDO
2023-02-24,43.22,Apple Watch de FERNANDO
2023-03-14,41.85,Apple Watch de FERNANDO
2023-03-15,41.91,Apple Watch de FERNANDO
2023-03-19,44.37,Apple Watch de FERNANDO
2023-03-26,44.97,Apple Watch de FERNANDO
2023-03-29,41.76,Apple Watch de FERNANDO
2023-03-31,42.45,Apple Watch de FERNANDO
2023-04-06,42.34,Apple Watch de FERNANDO
2023-04-07,42.45,Apple Watch de FERNANDO
2023-04-07,44.29,Apple Watch de FERNANDO
2023-04-09,44.33,Apple Watch de FERNANDO
2023-04-09,44.36,Apple Watch de FERNANDO
2023-04-12,44.76,Apple Watch de FERNANDO
2023-04-14,44.1,Apple Watch de FERNANDO
2023-04-15,44.13,Apple Watch de FERNANDO
2023-04-26,44.39,Apple Watch de FERNANDO
2023-04-26,44.52,Apple Watch de FERNANDO
2023-04-28,44.62,Apple Watch de FERNANDO
2023-05-05,44.62,Apple Watch de FERNANDO
2023-05-26,45.27,Apple Watch de FERNANDO
2023-06-04,45.28,Apple Watch de FERNANDO
2023-06-09,45.29,Apple Watch de FERNANDO
2023-06-11,45.63,Apple Watch de FERNANDO
2023-06-12,46.0,Apple Watch de FERNANDO
2023-06-23,46.6,Apple Watch de FERNANDO
2023-07-02,46.84,Apple Watch de FERNANDO
2023-07-02,46.83,Apple Watch de FERNANDO
2023-07-09,46.72,Apple Watch de FERNANDO
2023-07-12,46.47,Apple Watch de FERNANDO
2023-07-14,46.48,Apple Watch de FERNANDO
2023-07-15,46.86,Apple Watch de FERNANDO
2023-07-19,46.81,Apple Watch de FERNANDO
2023-07-21,46.88,Apple Watch de FERNANDO
2023-07-26,46.62,Apple Watch de FERNANDO
2023-07-26,46.6,Apple Watch de FERNANDO
2023-07-28,46.47,Apple Watch de FERNANDO
2023-07-28,46.45,Apple Watch de FERNANDO
2023-08-02,45.85,Apple Watch de FERNANDO
2023-08-04,45.88,Apple Watch de FERNANDO
2023-08-05,45.65,Apple Watch de FERNANDO
2023-08-07,46.18,Apple Watch de FERNANDO
2023-08-09,46.23,Apple Watch de FERNANDO
2023-08-11,46.3,Apple Watch de FERNANDO
2023-08-12,46.08,Apple Watch de FERNANDO
2023-08-15,46.36,Apple Watch de FERNANDO
2023-08-16,46.32,Apple Watch de FERNANDO
2023-08-17,46.34,Apple Watch de FERNANDO
2023-08-18,46.38,Apple Watch de FERNANDO
2023-08-19,46.5,Apple Watch de FERNANDO
2023-08-20,47.2,Apple Watch de FERNANDO
2023-08-21,47.18,Apple Watch de FERNANDO
2023-08-23,47.14,Apple Watch de FERNANDO
2023-08-26,47.33,Apple Watch de FERNANDO
2023-08-30,47.23,Apple Watch de FERNANDO
2023-08-30,47.21,Apple Watch de FERNANDO
2023-09-02,47.37,Apple Watch de FERNANDO
2023-09-03,47.31,Apple Watch de FERNANDO
2023-09-06,47.13,Apple Watch de FERNANDO
2023-09-08,47.4,Apple Watch de FERNANDO
2023-09-09,47.27,Apple Watch de FERNANDO
2023-09-11,46.91,Apple Watch de FERNANDO
2023-09-13,46.81,Apple Watch de FERNANDO
2023-09-15,46.95,Apple Watch de FERNANDO
2023-09-17,47.29,Apple Watch de FERNANDO
2023-09-19,47.29,Apple Watch de FERNANDO
2023-09-20,46.83,Apple Watch de FERNANDO
2023-09-21,47.03,Apple Watch de FERNANDO
2023-09-21,47.0,Apple Watch de FERNANDO
2023-09-22,46.93,Apple Watch de FERNANDO
2023-09-24,46.85,Apple Watch de FERNANDO
2023-09-26,47.26,Apple Watch de FERNANDO
2023-09-27,47.32,Apple Watch de FERNANDO
2023-09-30,47.48,Apple Watch de FERNANDO
2023-10-01,47.89,Apple Watch de FERNANDO
2023-10-01,47.87,Apple Watch de FERNANDO
2023-10-03,47.75,Apple Watch de FERNANDO
2023-10-04,47.79,Apple Watch de FERNANDO
2023-10-06,47.76,Apple Watch de FERNANDO
2023-10-08,47.88,Apple Watch de FERNANDO
2023-10-13,48.08,Apple Watch de FERNANDO
2023-10-15,48.1,Apple Watch de FERNANDO
2023-10-17,48.14,Apple Watch de FERNANDO
2023-10-18,48.15,Apple Watch de FERNANDO
2023-10-19,48.32,Apple Watch de FERNANDO
2023-10-20,48.33,Apple Watch de FERNANDO
2023-10-22,48.55,Apple Watch de FERNANDO
2023-10-22,48.24,Apple Watch de FERNANDO
2023-10-22,48.42,Apple Watch de FERNANDO
2023-10-27,49.93,Apple Watch de FERNANDO
2023-10-29,49.6,Apple Watch de FERNANDO
2023-10-31,50.01,Apple Watch de FERNANDO
2023-11-01,50.05,Apple Watch de FERNANDO
2023-11-03,49.71,Apple Watch de FERNANDO
2023-11-03,50.06,Apple Watch de FERNANDO
2023-11-04,49.86,Apple Watch de FERNANDO
2023-11-07,49.7,Apple Watch de FERNANDO
2023-11-08,50.12,Apple Watch de FERNANDO
2023-11-08,50.33,Apple Watch de FERNANDO
2023-11-11,50.45,Apple Watch de FERNANDO
2023-11-12,50.67,Apple Watch de FERNANDO
2023-11-15,50.77,Apple Watch de FERNANDO
2023-11-17,51.09,Apple Watch de FERNANDO
2023-11-19,51.36,Apple Watch de FERNANDO
2023-11-21,51.56,Apple Watch de FERNANDO
2023-11-22,51.84,Apple Watch de FERNANDO
2023-11-24,52.11,Apple Watch de FERNANDO
2023-11-25,51.88,Apple Watch de FERNANDO
2023-11-28,51.65,Apple Watch de FERNANDO
2023-11-29,51.73,Apple Watch de FERNANDO
2023-12-01,51.78,Apple Watch de FERNANDO
2023-12-03,51.69,Apple Watch de FERNANDO
2023-12-03,51.8,Apple Watch de FERNANDO
2023-12-05,52.12,Apple Watch de FERNANDO
2023-12-07,51.98,Apple Watch de FERNANDO
2023-12-10,52.5,Apple Watch de FERNANDO
2023-12-12,52.8,Apple Watch de FERNANDO
2023-12-12,52.97,Apple Watch de FERNANDO
2023-12-13,53.05,Apple Watch de FERNANDO
2023-12-18,53.04,Apple Watch de FERNANDO
2023-12-18,53.08,Apple Watch de FERNANDO
2023-12-19,53.35,Apple Watch de FERNANDO
2023-12-20,53.14,Apple Watch de FERNANDO
2023-12-21,53.16,Apple Watch de FERNANDO
2023-12-22,53.3,Apple Watch de FERNANDO
2023-12-24,53.48,Apple Watch de FERNANDO
2023-12-26,53.55,Apple Watch de FERNANDO
2023-12-28,53.79,Apple Watch de FERNANDO
2023-12-29,53.99,Apple Watch de FERNANDO
2023-12-30,54.16,Apple Watch de FERNANDO
2023-12-31,55.05,Apple Watch de FERNANDO
2023-12-31,55.27,Apple Watch de FERNANDO
2024-01-01,54.96,iPhone 15 FADR
2024-01-01,54.94,Apple Watch de FERNANDO
2024-01-04,55.21,Apple Watch de FERNANDO
2024-01-05,55.4,Apple Watch de FERNANDO
2024-01-05,54.98,Apple Watch de FERNANDO
2024-01-05,54.86,Apple Watch de FERNANDO
2024-01-05,54.82,Apple Watch de FERNANDO
2024-01-07,54.24,Apple Watch de FERNANDO
2024-01-10,53.85,Apple Watch de FERNANDO
2024-01-12,53.72,Apple Watch de FERNANDO
2024-01-16,53.9,Apple Watch de FERNANDO
2024-01-17,53.98,Apple Watch de FERNANDO
2024-01-19,53.52,Apple Watch de FERNANDO
2024-01-21,53.54,Apple Watch de FERNANDO
2024-01-24,54.36,Apple Watch de FERNANDO
2024-01-25,54.3,Apple Watch de FERNANDO
2024-01-26,54.02,Apple Watch de FERNANDO
2024-02-03,53.88,Apple Watch de FERNANDO
2024-02-04,54.32,Apple Watch de FERNANDO
2024-02-07,54.45,Apple Watch de FERNANDO
2024-02-11,54.98,Apple Watch de FERNANDO
2024-02-16,55.4,Apple Watch de FERNANDO
2024-02-17,55.64,Apple Watch de FERNANDO
2024-02-19,55.5,Apple Watch de FERNANDO
2024-02-22,54.64,Apple Watch de FERNANDO
2024-02-23,54.73,Apple Watch de FERNANDO
2024-02-24,54.92,Apple Watch de FERNANDO
2024-02-26,55.26,Apple Watch de FERNANDO
2024-03-02,54.98,Apple Watch de FERNANDO
2024-03-03,54.97,Apple Watch de FERNANDO
2024-03-04,54.65,Apple Watch de FERNANDO
2024-03-06,54.65,Apple Watch de FERNANDO
2024-03-07,55.0,Apple Watch de FERNANDO
2024-03-10,54.69,Apple Watch de FERNANDO
2024-03-15,54.65,Apple Watch de FERNANDO
2024-03-17,54.58,Apple Watch de FERNANDO
2024-03-20,54.44,Apple Watch de FERNANDO
2024-03-20,54.76,Apple Watch de FERNANDO
2024-03-23,54.74,Apple Watch de FERNANDO
2024-03-27,54.31,Apple Watch de FERNANDO
2024-03-28,54.14,Apple Watch de FERNANDO
2024-03-28,53.8,Apple Watch de FERNANDO
2024-04-03,53.93,Apple Watch de FERNANDO
2024-04-05,53.65,Apple Watch de FERNANDO
2024-04-07,53.55,Apple Watch de FERNANDO
2024-04-10,53.62,Apple Watch de FERNANDO
2024-04-17,54.1,Apple Watch de FERNANDO
2024-04-18,54.56,Apple Watch de FERNANDO
2024-04-20,54.78,Apple Watch de FERNANDO
2024-04-24,54.81,Apple Watch de FERNANDO
2024-04-26,54.78,Apple Watch de FERNANDO
2024-04-27,55.11,Apple Watch de FERNANDO
2024-05-01,55.49,Apple Watch de FERNANDO
2024-05-08,54.66,Apple Watch de FERNANDO
2024-05-10,54.54,Apple Watch de FERNANDO
2024-05-14,54.34,Apple Watch de FERNANDO
2024-05-15,53.85,Apple Watch de FERNANDO
2024-05-17,52.97,Apple Watch de FERNANDO
2024-05-22,52.6,Apple Watch de FERNANDO
2024-05-24,52.38,Apple Watch de FERNANDO
2024-05-29,52.15,Apple Watch de FERNANDO
2024-06-01,51.95,Apple Watch de FERNANDO
2024-06-05,51.93,Apple Watch de FERNANDO
2024-06-09,51.57,Apple Watch de FERNANDO
2024-06-12,51.76,Apple Watch de FERNANDO
2024-06-13,52.19,Apple Watch de FERNANDO
2024-06-16,51.93,Apple Watch de FERNANDO
2024-06-17,51.71,Apple Watch de FERNANDO
2024-06-19,51.7,Apple Watch de FERNANDO
2024-06-22,52.13,Apple Watch de FERNANDO
2024-06-22,52.07,Apple Watch de FERNANDO
2024-06-24,51.96,Apple Watch de FERNANDO
2024-06-26,52.01,Apple Watch de FERNANDO
2024-06-28,51.56,Apple Watch de FERNANDO
2024-06-30,51.24,Apple Watch de FERNANDO
2024-07-03,51.21,Apple Watch de FERNANDO
2024-07-07,51.15,Apple Watch de FERNANDO
2024-07-12,49.96,Apple Watch de FERNANDO
2024-07-13,49.75,Apple Watch de FERNANDO
2024-07-15,50.03,Apple Watch de FERNANDO
2024-07-17,50.27,Apple Watch de FERNANDO
2024-07-19,50.45,Apple Watch de FERNANDO
2024-07-21,50.84,Apple Watch de FERNANDO
2024-07-24,51.22,Apple Watch de FERNANDO
2024-07-27,51.31,Apple Watch de FERNANDO
2024-07-31,50.92,Apple Watch de FERNANDO
2024-08-02,50.66,Apple Watch de FERNANDO
2024-08-03,50.64,Apple Watch de FERNANDO
2024-08-04,50.32,Apple Watch de FERNANDO
2024-08-06,50.21,Apple Watch de FERNANDO
2024-08-07,50.26,Apple Watch de FERNANDO
2024-08-08,50.65,Apple Watch de FERNANDO
2024-08-08,51.03,Apple Watch de FERNANDO
2024-08-09,51.2,Apple Watch de FERNANDO
2024-08-11,51.15,Apple Watch de FERNANDO
2024-08-14,50.77,Apple Watch de FERNANDO
2024-08-16,50.74,Apple Watch de FERNANDO
2024-08-18,50.8,Apple Watch de FERNANDO
2024-08-19,51.03,Apple Watch de FERNANDO
2024-08-23,51.29,Apple Watch de FERNANDO
2024-08-29,51.03,Apple Watch de FERNANDO
2024-08-31,50.81,Apple Watch de FERNANDO
2024-09-01,51.3,Apple Watch de FERNANDO
2024-09-08,49.72,Apple Watch de FERNANDO
2024-09-14,49.32,Apple Watch de FERNANDO
2024-09-16,48.84,Apple Watch de FERNANDO
2024-09-18,48.38,Apple Watch de FERNANDO
2024-09-20,48.09,Apple Watch de FERNANDO
2024-09-23,48.11,iPhone 15 FADR
2024-09-25,48.61,Apple Watch de FERNANDO
2024-09-25,48.8,Apple Watch de FERNANDO
2024-09-27,49.03,Apple Watch de FERNANDO
2024-09-29,49.13,Apple Watch de FERNANDO
2024-10-01,48.84,Apple Watch de FERNANDO
2024-10-02,49.3,Apple Watch de FERNANDO
2024-10-03,50.22,Apple Watch de FERNANDO
2024-10-07,51.0,Apple Watch de FERNANDO
2024-10-08,50.62,Apple Watch de FERNANDO
2024-10-11,50.67,iPhone 15 FADR
2024-10-11,50.82,Apple Watch de FERNANDO
2024-10-12,50.82,Apple Watch de FERNANDO
2024-10-18,50.49,Apple Watch de FERNANDO
2024-10-23,50.51,Apple Watch de FERNANDO
2024-10-25,50.16,Apple Watch de FERNANDO
2024-10-26,50.2,Apple Watch de FERNANDO
2024-10-30,50.84,Apple Watch de FERNANDO
2024-11-06,51.17,Apple Watch de FERNANDO
2024-11-08,51.59,Apple Watch de FERNANDO
2024-11-09,51.39,Apple Watch de FERNANDO
2024-11-10,52.21,Apple Watch de FERNANDO
2024-11-13,52.31,Apple Watch de FERNANDO
2024-11-14,52.78,Apple Watch de FERNANDO
2024-11-16,53.07,Apple Watch de FERNANDO
2024-11-17,52.98,Apple Watch de FERNANDO
2024-11-17,52.74,Apple Watch de FERNANDO
2024-11-20,53.12,Apple Watch de FERNANDO
2024-11-23,53.39,Apple Watch de FERNANDO
2024-11-23,53.62,Apple Watch de FERNANDO
2024-11-27,53.49,Apple Watch de FERNANDO
2024-11-29,53.47,Apple Watch de FERNANDO
2024-12-01,53.39,Apple Watch de FERNANDO
2024-12-02,53.64,Apple Watch de FERNANDO
2024-12-03,53.52,Apple Watch de FERNANDO
2024-12-04,53.43,Apple Watch de FERNANDO
2024-12-05,53.71,iPhone 15 FADR
2024-12-06,53.85,Apple Watch de FERNANDO
2024-12-07,54.21,Apple Watch de FERNANDO
2024-12-11,54.02,Apple Watch de FERNANDO
2024-12-13,53.84,Apple Watch de FERNANDO
2024-12-13,54.06,Apple Watch de FERNANDO
2024-12-14,54.52,Apple Watch de FERNANDO
2024-12-15,54.85,Apple Watch de FERNANDO
2024-12-15,55.05,Apple Watch de FERNANDO
2024-12-18,55.22,Apple Watch de FERNANDO
2024-12-20,55.3,Apple Watch de FERNANDO
2024-12-21,55.38,Apple Watch de FERNANDO
2024-12-22,55.3,Apple Watch de FERNANDO
2024-12-27,55.34,Apple Watch de FERNANDO
2024-12-29,54.86,Apple Watch de FERNANDO
2025-01-03,54.44,Apple Watch de FERNANDO
2025-01-04,54.39,Apple Watch de FERNANDO
2025-01-08,54.73,Apple Watch de FERNANDO
2025-01-10,54.56,Apple Watch de FERNANDO
2025-01-12,53.2,Apple Watch de FERNANDO
2025-01-14,52.8,Apple Watch de FERNANDO
2025-01-15,52.96,Apple Watch de FERNANDO
2025-01-17,53.0,Apple Watch de FERNANDO
2025-01-22,52.72,Apple Watch de FERNANDO
2025-01-22,53.37,Apple Watch de FERNANDO
2025-01-23,53.84,Apple Watch de FERNANDO
2025-01-25,53.77,Apple Watch de FERNANDO
2025-01-29,53.43,Apple Watch de FERNANDO
2025-01-31,53.82,Apple Watch de FERNANDO
2025-02-01,54.07,Apple Watch de FERNANDO
2025-02-02,54.1,Apple Watch de FERNANDO
2025-02-03,54.29,Apple Watch de FERNANDO
2025-02-05,54.0,Apple Watch de FERNANDO
2025-02-08,54.23,Apple Watch de FERNANDO
2025-02-12,54.32,Apple Watch de FERNANDO
2025-02-14,54.31,Apple Watch de FERNANDO
2025-02-15,54.26,Apple Watch de FERNANDO
2025-02-20,54.19,Apple Watch de FERNANDO
2025-02-25,54.09,Apple Watch de FERNANDO
2025-02-27,54.48,Apple Watch de FERNANDO
2025-02-28,54.52,Apple Watch de FERNANDO
2025-03-04,53.67,Apple Watch de FERNANDO
2025-03-06,53.55,Apple Watch de FERNANDO
2025-03-08,53.44,Apple Watch de FERNANDO
2025-03-10,53.76,Apple Watch de FERNANDO
2025-03-11,53.36,Apple Watch de FERNANDO
2025-03-13,53.53,Apple Watch de FERNANDO
2025-03-16,53.68,Apple Watch de FERNANDO
2025-03-19,53.7,Apple Watch de FERNANDO
2025-03-19,53.6,Apple Watch de FERNANDO
2025-03-20,53.17,Apple Watch de FERNANDO
2025-03-22,53.04,Apple Watch de FERNANDO
2025-03-25,52.65,Apple Watch de FERNANDO
2025-03-26,52.55,Apple Watch de FERNANDO
2025-03-27,52.45,Apple Watch de FERNANDO
2025-03-28,52.38,Apple Watch de FERNANDO
2025-03-28,52.53,iPhone 15 FADR
2025-03-30,52.7,Apple Watch de FERNANDO
2025-04-01,52.89,Apple Watch de FERNANDO
2025-04-03,53.04,Apple Watch de FERNANDO
2025-04-07,52.79,Apple Watch de FERNANDO
2025-04-07,52.85,Apple Watch de FERNANDO
2025-04-08,52.75,Apple Watch de FERNANDO
2025-04-10,52.69,Apple Watch de FERNANDO
2025-04-13,52.21,Apple Watch de FERNANDO
2025-04-15,52.15,Apple Watch de FERNANDO
2025-04-22,52.22,Apple Watch de FERNANDO
2025-04-27,51.78,Apple Watch de FERNANDO
2025-04-29,51.45,Apple Watch de FERNANDO
2025-04-30,51.42,Apple Watch de FERNANDO
2025-04-30,51.52,Apple Watch de FERNANDO
2025-04-30,51.84,Apple Watch de FERNANDO
2025-05-01,51.31,Apple Watch de FERNANDO
2025-05-06,51.34,Apple Watch de FERNANDO
2025-05-08,51.02,Apple Watch de FERNANDO
2025-05-09,51.06,Apple Watch de FERNANDO
2025-05-10,51.29,Apple Watch de FERNANDO
2025-05-13,51.58,Apple Watch de FERNANDO
2025-05-18,51.86,Apple Watch de FERNANDO
2025-05-22,52.15,Apple Watch de FERNANDO
2025-05-22,51.8,Apple Watch de FERNANDO
2025-05-24,52.23,Apple Watch de FERNANDO
2025-05-24,52.53,Apple Watch de FERNANDO
2025-05-25,52.34,Apple Watch de FERNANDO
2025-05-27,52.0,Apple Watch de FERNANDO
2025-06-01,51.53,Apple Watch de FERNANDO
2025-06-03,51.23,Apple Watch de FERNANDO
2025-06-07,50.99,Apple Watch de FERNANDO
2025-06-12,50.57,Apple Watch de FERNANDO
2025-06-17,49.99,Apple Watch de FERNANDO
2025-06-21,49.5,Apple Watch de FERNANDO
2025-06-24,49.67,Apple Watch de FERNANDO
2025-06-29,48.67,Apple Watch de FERNANDO
2025-07-02,48.27,Apple Watch de FERNANDO
2025-07-06,48.07,Apple Watch de FERNANDO
2025-07-09,48.16,Apple Watch de FERNANDO
2025-07-15,48.65,Apple Watch de FERNANDO
2025-07-17,48.32,Apple Watch de FERNANDO
2025-07-18,48.8,Apple Watch de FERNANDO
2025-07-20,49.24,Apple Watch de FERNANDO
2025-07-28,49.2,iPhone 15 FADR
2025-07-29,50.07,Apple Watch de FERNANDO
2025-07-31,49.79,Apple Watch de FERNANDO
2025-08-02,50.04,Apple Watch de FERNANDO
2025-08-03,50.47,Apple Watch de FERNANDO
2025-08-05,50.58,Apple Watch de FERNANDO
2025-08-05,50.68,Apple Watch de FERNANDO
2025-08-07,50.48,Apple Watch de FERNANDO
2025-08-07,50.32,Apple Watch de FERNANDO
2025-08-07,50.55,Apple Watch de FERNANDO
2025-08-10,49.95,Apple Watch de FERNANDO
2025-08-12,49.43,Apple Watch de FERNANDO
2025-08-14,48.84,Apple Watch de FERNANDO
2025-08-14,48.84,Apple Watch de FERNANDO
2025-08-14,49.05,Apple Watch de FERNANDO
2025-08-19,49.72,Apple Watch de FERNANDO
2025-08-19,49.72,Apple Watch de FERNANDO
2025-08-24,50.45,Apple Watch de FERNANDO
2025-08-26,50.66,Apple Watch de FERNANDO
2025-08-26,50.85,Apple Watch de FERNANDO
2025-08-28,50.92,Apple Watch de FERNANDO
2025-09-02,50.52,Apple Watch de FERNANDO
2025-09-04,50.64,Apple Watch de FERNANDO
2025-09-07,51.17,Apple Watch de FERNANDO
2025-09-09,52.08,Apple Watch de FERNANDO
2025-09-09,52.26,Apple Watch de FERNANDO
2025-09-09,52.05,Apple Watch de FERNANDO
2025-09-12,52.55,Apple Watch de FERNANDO
2025-09-14,52.31,Apple Watch de FERNANDO
2025-09-16,51.79,Apple Watch de FERNANDO
2025-09-18,52.23,Apple Watch de FERNANDO
2025-09-20,52.63,Apple Watch de FERNANDO
2025-09-21,52.63,Apple Watch de FERNANDO
2025-09-23,52.34,Apple Watch de FERNANDO
2025-09-25,53.12,Apple Watch de FERNANDO
2025-09-28,52.54,Apple Watch de FERNANDO
2025-09-30,52.85,Apple Watch de FERNANDO
2025-10-02,53.18,Apple Watch de FERNANDO
2025-10-07,53.01,Apple Watch de FERNANDO
2025-10-09,52.81,Apple Watch de FERNANDO
2025-10-14,53.11,Apple Watch de FERNANDO
2025-10-16,53.34,Apple Watch de FERNANDO
2025-10-19,52.88,Apple Watch de FERNANDO
2025-10-21,52.92,Apple Watch de FERNANDO
2025-10-23,52.94,Apple Watch de FERNANDO
2025-10-25,52.83,Apple Watch de FERNANDO
2025-10-28,53.42,Apple Watch de FERNANDO
2025-10-30,53.4,Apple Watch de FERNANDO
2025-11-02,53.47,Apple Watch de FERNANDO
2025-11-04,53.61,Apple Watch de FERNANDO
2025-11-07,53.67,Apple Watch de FERNANDO
2025-11-08,53.34,Apple Watch de FERNANDO
2025-11-11,53.38,Apple Watch de FERNANDO
2025-11-13,53.28,Apple Watch de FERNANDO
2025-11-15,52.69,Apple Watch de FERNANDO
2025-11-18,52.63,Apple Watch de FERNANDO
2025-11-20,52.89,Apple Watch de FERNANDO
2025-11-25,52.78,Apple Watch de FERNANDO
2025-11-27,52.67,Apple Watch de FERNANDO
2025-12-02,52.69,Apple Watch de FERNANDO
2025-12-04,52.34,Apple Watch de FERNANDO
2025-12-08,52.67,Apple Watch de FERNANDO
2025-12-09,52.66,Apple Watch de FERNANDO
2025-12-16,52.87,Apple Watch de FERNANDO
2025-12-21,52.39,Apple Watch de FERNANDO
2025-12-29,51.12,Apple Watch de FERNANDO
2025-12-30,50.25,Apple Watch de FERNANDO
2026-01-02,49.02,Apple Watch de FERNANDO
2026-01-03,49.27,Apple Watch de FERNANDO
2026-01-03,48.25,Apple Watch de FERNANDO
2026-01-06,48.21,Apple Watch de FERNANDO
2026-01-08,48.01,Apple Watch de FERNANDO
2026-01-10,47.87,Apple Watch de FERNANDO
2026-01-13,48.05,Apple Watch de FERNANDO
2026-01-15,48.49,Apple Watch de FERNANDO
2026-01-16,49.28,Apple Watch de FERNANDO
2026-01-17,49.1,Apple Watch de FERNANDO
2026-01-20,49.25,Apple Watch de FERNANDO
2026-01-22,49.7,Apple Watch de FERNANDO
2026-01-24,50.2,Apple Watch de FERNANDO
2026-01-28,50.55,Apple Watch de FERNANDO
2026-01-29,50.65,Apple Watch de FERNANDO
2026-02-01,50.86,Apple Watch de FERNANDO
2026-02-04,50.48,Apple Watch de FERNANDO
2026-02-05,50.99,Apple Watch de FERNANDO
2026-02-10,50.96,Apple Watch de FERNANDO
2026-02-12,50.96,Apple Watch de FERNANDO
2026-02-15,50.75,Apple Watch de FERNANDO
2026-02-17,50.74,Apple Watch de FERNANDO
2026-02-19,50.83,Apple Watch de FERNANDO
2026-02-21,51.16,Apple Watch de FERNANDO
